"Gene1","Gene2","Gene3","Gene4","Gene5","Gene6","Gene7","Gene8","Gene9","Gene10","Gene11","Gene12","Gene13","Gene14","Gene15","Gene16","Gene17","Gene18","Gene19","Gene20","Gene21","Gene22","Gene23","Gene24","Gene25","Gene26","Gene27","Gene28","Gene29","Gene30","Gene31","Gene32","Gene33","Gene34","Gene35","Gene36","Gene37","Gene38","Gene39","Gene40","Gene41","Gene42","Gene43","Gene44","Gene45","Gene46","Gene47","Gene48","Gene49","Gene50","Type"
-0.901989574,-1.20314851,1.53103037,-1.012321412,-0.010864685,-1.04289993,-0.932344732,-1.065888379,1.436781447,1.182151848,1.248042439,-1.579933578,-1.270558347,0.29311959,-0.916673108,0.706967599,1.557642166,0.866059024,0.865060009,0.293291427,0.764220637,0.841014268,1.093615929,0.945110859,0.407699789,-0.238069615,-1.003747619,1.610282302,1.017586441,0.8851237,1.279538351,-1.083757767,1.327881281,-0.792402143,-0.585671838,0.815827429,1.173641425,0.307035942,1.171984419,1.347460291,-1.168912376,1.115979306,-0.883586581,-0.99393244,1.103446182,1.727552779,-0.90828953,-0.862549738,1.760933942,-0.948575152,"DLBCL"
0.699323401,-0.212127063,1.60878465,0.22930084,0.641016387,-0.027637694,0.057476311,0.198422894,1.564957085,1.278403588,1.403495477,0.810130923,0.378771558,1.159720074,-0.173134637,1.278511132,1.364807989,1.284276661,1.631447614,1.02968418,1.238062629,1.492890076,1.006821014,2.035991929,0.945945984,0.273293573,-0.635675795,0.726279461,1.161306089,1.265042175,1.269210748,-0.471986954,1.420945706,0.147361776,0.588991539,1.239139106,0.991527105,0.654521358,1.000966107,0.913575682,0.342554079,1.216137962,0.527503976,0.37824846,0.986493752,0.860367871,0.050786559,0.368141041,0.77291163,0.318506021,"DLBCL"
0.699323401,0.014084354,1.02562755,0.34264395,1.172178742,0.61358056,-0.20928397,0.117722175,0.768918909,1.198193804,0.708047677,0.315185686,0.207948103,0.892250789,0.855700429,0.681565664,1.200898939,0.011036299,0.901554657,0.633873075,1.03498749,0.453667773,1.016464893,0.886144314,1.623094423,0.834906322,0.524394936,1.214005167,0.196331306,1.092351959,0.949055061,0.347555079,0.617207494,0.470051796,1.012891801,0.400981986,1.07120212,0.422864414,1.180128148,1.392656605,0.294571017,0.214551399,0.579766589,0.575526865,1.851941738,0.918180198,0.611536693,0.581379542,1.108647367,0.723509135,"DLBCL"
0.080065649,0.358787465,0.87011899,0.11595773,0.532369542,0.732324681,0.984117286,0.292573734,1.193922342,0.596620425,0.806228543,0.263086187,0.343428774,0.753166761,0.01622151,0.795874371,0.757380333,0.903233925,0.208156348,0.790356535,1.042508791,1.341730469,0.90073834,1.122010492,0.850450691,0.701892776,0.796510292,0.58402613,0.822538346,1.273676685,1.248555542,0.589954835,0.667969907,0.090749492,0.931176087,1.061348202,1.480959339,0.712435594,0.601923379,0.80510453,0.702427045,1.008116137,0.678484859,0.553607042,0.69801109,0.860367871,0.437510789,0.319400812,1.252534111,0.295362986,"DLBCL"
0.661792628,0.401875354,1.326925385,1.548202485,-0.071224043,1.646654414,1.096437405,0.87092889,0.728442392,0.781102928,0.937136364,0.972941857,0.826446818,0.100541704,1.051368447,0.706967599,1.065915015,1.182045683,0.755576065,0.495799434,0.83191235,1.067753679,0.910382219,0.512689534,0.520557862,0.381674981,1.211844257,0.777084222,1.017586441,0.496570715,0.949055061,1.47875394,1.065608812,1.817424162,0.292772078,1.12907807,1.23055215,0.473539371,0.6915044,0.759908216,1.494147569,1.023525161,0.881728354,1.426015985,0.93971278,0.571306235,1.427524817,1.032226659,0.513915489,1.001225557,"DLBCL"
0.769380844,0.175663937,1.326925385,-0.023145178,0.761735104,0.767947918,0.773517065,0.413624813,0.930824979,1.085900107,1.112225575,0.712444363,0.313976454,0.507095018,0.988249732,0.973687914,1.306957736,1.191339408,1.421603389,1.19537255,1.275669136,1.181123385,0.929669978,0.650278137,1.189024911,0.844759178,1.133074023,0.909176601,0.822538346,1.057813916,0.50496814,0.64189764,1.13329203,0.917288842,0.885210999,1.179875472,0.68420919,0.473539371,1.028654786,0.859340106,0.4745075,0.985002601,0.544924847,0.768421304,0.783776206,0.995263301,0.89384538,0.605749657,0.964760622,0.625151236,"DLBCL"
0.324015672,-0.352162703,1.171416825,-0.337414711,-0.602386398,0.506710851,0.310196577,0.090821935,0.836379772,0.315886181,1.272587656,0.484509057,0.402333414,-0.15622881,0.54010685,0.529154055,0.506695903,0.150442178,0.54573184,0.284086517,0.824391049,0.170243508,0.418544368,0.434067474,0.242753375,0.972846296,0.574521449,0.614508987,1.109977643,1.031910383,1.000693075,0.618811949,0.862559158,-0.005491392,1.186537691,0.17239368,1.014291395,0.437342973,0.251743027,0.434494759,0.558477858,0.892548457,0.335874394,0.080138872,0.791573034,0.764013992,0.290555582,0.624027243,0.782504079,0.729294894,"DLBCL"
0.236443869,-0.34139073,1.365802525,0.522962534,0.121925904,1.029184984,0.106616362,0.265673494,0.85661803,1.310487502,1.256224178,0.197961814,0.30808599,-0.113433724,0.464364391,1.570633383,1.345524571,1.191339408,1.375985079,1.213782369,1.080115298,0.907146596,1.180410844,1.033560675,1.631775813,0.44571854,0.130543762,0.797406126,1.243431603,1.783112821,1.0936415,-0.079530206,0.837177952,0.588937593,0.226378062,0.993618334,1.173641425,-0.112842269,1.093804619,0.787026004,0.264581603,1.115979306,0.794623999,0.873636453,1.228195442,0.754378604,0.909314349,0.538731842,0.77291163,0.735080653,"DLBCL"
0.192657967,-0.018231563,1.715696786,0.285972395,0.037422802,0.239536578,-0.244384007,-0.527883582,1.308605808,1.478928048,1.689856335,0.035150881,0.143153,-0.177626352,0.369686318,1.164202426,1.625134128,1.154164507,1.375985079,1.204577459,2.057884487,1.020516302,1.749399731,1.69202042,1.970350032,0.214176441,0.123382831,1.254648975,1.315291427,1.696767714,0.887089444,0.514926339,1.336341683,0.509680395,0.011874315,0.875091064,1.150877135,0.401146576,1.497733584,0.913575682,0.522490562,1.36252369,0.103596113,0.878020418,1.696005164,1.139794119,0.777828111,0.173180126,1.29090391,0.497864543,"DLBCL"
0.549200309,-0.24444298,1.482433945,0.862991865,1.667125482,0.423589966,0.036416288,0.696077331,0.559790236,1.166109891,0.708047677,0.119812566,0.319866918,1.20251516,0.325503217,1.087996621,0.834514004,0.856765299,0.582226488,0.265676698,0.553624197,0.576484954,0.707860751,0.483206261,0.338248667,1.027037,0.395498188,0.441772799,0.206596995,0.790144082,1.610021641,0.26675516,0.481841058,0.294553715,0.823924214,0.595705357,1.765512964,0.133293234,1.090547127,0.127159828,0.534486327,0.291596519,0.585573546,0.579910829,0.21460771,0.513493908,0.599934966,0.477806556,0.581062637,0.677223065,"DLBCL"
-0.126353602,-0.007459591,1.268609675,0.785712471,1.413616176,-0.247314318,-0.483064259,-0.78343586,1.187176256,0.468284771,1.288951133,0.171912065,-0.251508084,0.860154475,0.054092739,0.935585012,1.393733116,0.931115101,1.248253812,0.910020358,0.952253174,1.606259782,1.045396532,0.905799829,1.006715716,0.204323586,0.209313997,1.081912788,0.216862684,1.126890002,0.040226013,0.284069428,1.294039672,0.288892487,0.302986543,1.577788448,0.251687681,-0.221431462,0.707791858,0.80510453,0.486503265,0.476504807,0.022298715,0.816644914,1.282773243,1.062711016,0.406572851,-0.027873318,0.830466327,-0.271641375,"DLBCL"
0.693068272,1.123597495,0.238365465,1.125741802,0.846238206,0.851068802,0.970077272,0.534675892,-0.033865353,-0.478190679,-0.314669675,0.692907051,0.331647846,1.063431132,1.01980909,0.681565664,-0.611742321,-0.351418987,-0.421376328,0.127603057,-0.138335537,-0.075390854,-0.468692541,-0.499569477,-0.347581162,0.593511369,1.075786579,-0.574322421,-0.460672802,-0.271900744,-0.455498922,0.982411583,-0.516486405,1.545685198,0.966926712,-0.327114098,-0.203598118,1.262620837,-0.179874617,0.072924252,1.044306362,-0.478854684,0.92818401,0.89994024,-0.190827383,-0.613846472,0.870641926,0.953023788,0.792096529,0.735080653,"DLBCL"
0.686813143,0.358787465,1.41439895,0.311732193,0.773806976,0.833257184,0.963057264,1.01888021,0.843125858,0.765060971,1.018953752,0.836180673,0.579047332,0.549890104,1.398521384,0.859379208,0.767022042,0.958996277,0.737328742,0.597053438,0.67396502,1.029963778,0.572846439,0.443895232,0.607371765,1.160050546,0.939728901,0.848210887,0.555630427,0.867854679,0.990365472,0.693840445,0.659509505,0.622904964,1.365290813,0.705766393,1.16225928,0.567650004,0.553061005,0.922614945,0.624454569,0.63829956,0.411364835,0.720197694,0.822760349,0.860367871,0.975057468,0.441251384,0.830466327,0.584650925,"DLBCL"
1.049610614,0.692718605,0.374435455,-0.254983358,0.906597565,-0.152319021,0.913917212,0.93817949,0.60701284,0.339949117,0.55259464,1.62418559,1.103298623,0.699672904,1.01980909,0.935585012,0.824872295,0.903233925,0.03480677,-0.047290222,0.861997556,0.179690984,0.765724028,0.502861776,0.902539033,1.327549085,0.796510292,0.472255656,0.658287319,0.582915823,0.608244168,0.336012233,0.557984678,0.017153522,1.590009025,0.231657315,0.63868061,1.125074526,0.561204734,0.759908216,0.720420693,0.738458216,1.131427506,-0.152211249,0.791573034,0.706201665,0.023715863,1.07487436,0.648209784,1.082226179,"DLBCL"
0.005004103,0.940473967,-0.354510921,-0.146792208,0.278860236,-0.437304912,0.387416658,0.534675892,0.047087682,0.291823246,-0.061035772,0.894792609,0.376415372,0.357312218,-0.034273463,-0.245604957,-0.20679055,0.550072365,-0.375758018,-0.065700041,0.350549057,0.670959709,-0.256527193,0.669933652,0.477150911,1.21424125,0.911085179,0.502738513,0.422176468,-0.245997212,0.17448485,0.780411786,0.447999449,-0.254585442,1.201859387,0.942820933,0.024044781,0.915135421,0.520486088,-0.342881832,0.132628182,0.183733351,0.26619091,-0.033844206,-0.089468609,0.291879987,-0.28566352,0.624027243,0.475545691,0.596222442,"DLBCL"
1.356111926,1.468300606,0.07313762,0.152021446,1.389472433,0.678889827,1.952878306,0.93817949,-0.013627094,0.115361722,0.184416393,1.285538849,1.927963575,1.416490588,1.556318173,0.021115358,0.034252171,0.364197859,0.21728001,0.40375034,-0.010473412,0.179690984,0.447476006,0.139234753,0.190665033,1.29799052,1.655821944,0.147105185,0.278456819,-0.047403464,0.215795261,1.305611258,0.194187382,0.079427035,1.630866881,-0.174721895,0.058191216,0.980288936,0.259886756,0.506808861,1.464158155,0.384050663,1.102392721,0.040683191,0.401731599,0.195526108,0.120396921,0.666674943,-0.04244659,0.758223688,"DLBCL"
0.743109303,0.972789883,0.102295475,0.517810575,1.220466229,0.275159815,0.773517065,0.669177092,0.924078893,0.243697376,0.708047677,0.979454294,0.967817952,1.20251516,1.240724595,-0.131296251,0.647464852,0.261966881,0.59135015,0.357725792,0.448325976,0.274165739,0.505339283,-0.057320395,0.294841716,1.342328368,1.24764891,0.6754747,0.606958873,0.798778592,0.184812452,1.219039916,0.134964567,0.713484619,1.191644923,0.29092095,0.285834116,0.661760638,0.491168663,0.190434667,1.008319065,0.476504807,0.707519644,0.693893907,0.471903057,0.561670847,0.692748781,0.764155401,0.581062637,0.84501007,"DLBCL"
0.886977265,1.112825522,0.28696189,0.847535986,1.461903663,0.708575857,1.068357375,1.126481169,0.49907546,1.190172826,0.577139856,1.637210465,1.162203262,1.448586903,1.802481164,0.999089849,0.998423054,1.349332738,1.330366769,1.250602007,0.704050226,0.963831449,0.958601617,1.318565639,1.006715716,1.568944039,0.832314944,0.838049935,1.089446265,0.936930765,0.277760878,1.698068005,0.887940365,0.809725502,0.885210999,1.137544304,0.308598406,0.813785508,0.787600404,0.823183055,1.098287307,1.231546986,1.288215346,0.584294794,0.743232696,0.802555544,0.924783319,1.312482975,0.590655086,1.36572836,"DLBCL"
1.631337593,1.565248357,1.27832896,0.986638894,1.317041202,1.967263541,1.559757892,1.03233033,0.782411082,1.326529459,0.47895899,1.324613473,1.627549914,1.619767245,1.594189402,0.821276305,1.625134128,0.38278531,1.841291839,2.051429126,2.185746612,0.670959709,1.681892575,1.711675935,1.310564374,0.987625579,0.531555866,1.559477541,1.192103157,1.43773239,1.331176365,1.219039916,0.701811516,1.387170802,1.196752155,0.765030028,1.196405715,1.110595967,0.585635921,1.573441859,1.524136982,0.977298089,1.468231014,1.158594148,1.017681067,1.602292736,1.454595513,1.251557689,1.645824547,1.012797074,"DLBCL"
0.242698998,0.789666355,0.257804035,0.605393887,2.029281633,0.453275996,0.289136554,0.534675892,-0.047357525,1.22225674,-0.134671421,1.096678166,0.838227746,1.298804103,0.369686318,1.024491784,1.123765268,0.615128441,1.001914938,1.140143094,1.403531261,1.322835518,0.948957737,0.837005527,1.128255179,0.485129961,0.882441457,1.244488023,0.90466386,0.919661743,0.226122864,1.086297193,0.651049103,0.322859857,0.522597522,1.095213136,0.342744841,0.907896141,1.310427814,-0.225371417,0.558477858,0.946480041,0.724940515,0.435239999,0.230201368,1.380678816,0.634740146,0.581379542,1.166202065,0.526793337,"DLBCL"
1.037100357,2.028443163,0.063418335,1.738824989,0.266788365,1.896017069,1.222797538,1.893138005,0.168517234,-0.020994911,0.429868557,1.200877163,1.20343651,0.860154475,1.897159238,1.062594686,-0.418908144,0.587247266,0.673463108,1.140143094,0.027133095,0.170243508,0.264242297,1.004077403,0.998034326,0.706819204,1.505442405,0.116622329,0.596693184,0.962834297,0.515295742,1.126697152,0.329553818,1.602297482,0.670707252,0.511043022,0.59315203,1.284338675,0.048149798,0.416416234,1.422172976,0.776980776,1.352091873,1.623294389,-0.307779813,-0.035723201,1.725302474,1.525721477,0.015108108,1.626087505,"DLBCL"
1.199733706,1.511388495,0.52022473,1.883079856,1.280825587,1.836645008,1.145577456,0.736427691,0.91058672,0.412137922,0.904409409,0.764543862,1.627549914,1.245310246,1.253348338,0.300536641,-0.746726245,1.442269991,-0.284521398,0.440569977,0.027133095,0.29306069,-0.256527193,0.512689534,0.355611448,1.258579099,0.624647962,1.173361358,0.976523684,0.755606038,0.949055061,1.559553859,0.092662555,1.228656406,1.048642425,0.536441723,1.367137889,0.661760638,0.96839119,1.31130324,0.798393169,0.900252969,1.148848377,1.276961191,1.150227155,1.274689549,1.245764429,1.196724932,1.242941662,1.17479832,"DLBCL"
0.818170848,1.909951468,-0.053213085,1.517290728,1.172178742,0.862943214,1.88969824,0.89782913,0.215739838,0.516410641,-0.20830707,1.051091105,0.820556354,1.288105331,1.644684375,0.478350185,-0.052523209,0.57795354,-0.083800835,0.486594524,0.335506455,0.321403116,0.514983162,0.227684569,0.720229838,0.041751474,1.942259162,0.350324229,0.0115489,0.375687564,0.391364509,1.484525363,0.354935025,1.262623776,0.078268331,0.307853417,0.092337651,1.096117408,0.487911172,0.714711903,1.620103107,0.607481512,1.235952733,1.461087701,0.830557178,0.23406766,1.315374791,1.105337003,0.322066497,0.989654039,"DLBCL"
0.987059326,1.457528634,0.646575435,1.877927896,1.027316282,1.919765893,1.749298092,1.933488365,0.44510677,0.131403678,0.855318976,1.298563723,1.256450686,1.384394274,1.417456999,1.215006295,0.275294891,0.252673156,0.72820508,0.781151626,0.771741939,0.434772822,0.611421957,0.738727953,0.260116155,0.869391316,1.605695431,0.76692327,1.305025738,0.712433485,0.3603817,1.882753534,0.871019561,1.794779249,0.502168593,0.638036525,0.319980551,1.248142278,0.544917276,0.561044437,1.776048058,0.985002601,0.81204487,1.636446283,0.970900094,0.474952356,1.659559355,0.965208845,0.705764482,0.920224934,"DLBCL"
1.205988834,2.06075908,0.46190902,2.331300337,0.254716493,1.664466032,1.88969824,1.570335127,0.44510677,0.347970095,0.519867684,0.959916982,1.391931356,-0.08133741,1.392209512,1.392819839,0.20780293,0.094679826,0.627844798,0.376135611,0.170037823,0.39698292,0.524627042,0.56182832,0.372974228,0.82012704,1.433833101,0.573865178,0.781475589,0.064845176,0.680537388,1.807725038,0.837177952,2.174081553,0.701350644,0.646502759,0.411037711,1.349492191,0.21916811,0.759908216,2.351844803,0.515027368,1.218531862,2.009083269,0.659026946,0.677295501,1.926399074,1.409963433,0.657802234,1.493015053,"DLBCL"
1.274795251,1.145141439,0.840961135,1.934599451,0.315075851,2.365056347,1.342137663,1.126481169,1.011778014,0.532452598,0.937136364,0.224011563,1.067955839,0.346613447,0.54010685,1.176903393,0.101744132,0.949702551,0.335887615,0.661487803,0.192601727,0.529247577,0.370324971,0.797694498,1.058804057,0.283146428,1.047142857,0.949820409,1.058649197,1.083717448,1.248555542,1.438353981,0.930242376,1.783456792,-0.217951129,1.086746903,1.173641425,1.023724613,0.960247461,0.868379369,1.206249196,0.784685288,1.090778807,1.816188829,1.23599227,1.149429507,1.694364536,1.050504245,1.041500219,1.018582833,"DLBCL"
1.449938858,1.899179496,-0.587773761,1.872775937,0.52029767,1.23104999,1.770358114,1.368583328,0.006611165,0.484326728,0.377505429,1.266001537,1.386040892,0.742467989,2.073891642,0.84667824,0.333145144,0.698771969,0.490989869,-0.038085313,-0.138335537,-0.141523183,0.167803502,0.296478871,0.121213911,0.913729165,1.161717744,0.157266138,-0.35801591,0.30833838,-0.052722412,1.651896623,0.177266578,1.675893452,0.946497784,0.316319651,0.058191216,1.588388415,0.27780296,0.199473929,1.494147569,0.174487936,1.166269248,1.623294389,0.172504835,0.359327702,1.531940359,1.397778376,0.063070356,1.446728982,"DLBCL"
1.900308132,0.735806494,0.18976904,0.389011586,1.956850403,0.750136299,1.875658225,0.790228171,0.397884166,0.131403678,0.699865938,2.60105119,1.886730328,1.641164788,0.8620123,0.821276305,0.140310968,1.005464903,0.518360854,0.5602338,0.628837211,0.50090515,0.312461694,0.355445415,0.546602033,1.79555971,1.297775423,0.218231851,0.3913794,0.263438924,0.845779033,0.988183006,0.820257147,0.56629268,2.019016519,0.417914453,0.82079493,2.037223744,0.447192526,0.425455497,0.690431279,0.422573223,1.706316252,0.632518404,0.729198405,0.23406766,0.743022931,1.604924349,0.417990993,1.660802057,"DLBCL"
1.137182418,1.328264967,0.67573329,1.017550651,0.979028795,1.159803517,1.510617841,0.99197997,0.681219788,0.195571506,0.740774632,1.239951787,1.091517695,0.710371675,1.733050577,0.097321163,0.387138714,0.373491584,0.792070713,0.385340521,0.094824808,0.434772822,0.119584105,0.493034019,0.572646204,1.667472592,1.605695431,0.370646134,0.596693184,0.211631859,0.649554579,1.109382884,0.524143069,1.302252375,1.498078847,0.654968992,0.6614449,0.965810377,0.528629817,0.768947479,0.906355058,0.669117608,1.119813592,1.158594148,0.807166692,0.50385852,1.18002131,0.953023788,0.590655086,1.082226179,"DLBCL"
1.087141387,0.886614105,0.802083995,1.192717276,0.858310078,0.957938511,1.068357375,0.373274453,0.660981529,0.235676398,0.421686819,1.083653291,1.050284448,0.795961846,1.568941916,0.694266631,0.554904447,1.832606452,0.235527334,0.256471789,-0.213548551,0.718197086,0.38961273,-0.027837123,0.320885887,0.539320665,1.25480984,0.401128991,0.483770603,0.263438924,0.422347317,1.011268697,0.71873232,1.290929918,1.150787066,0.688833926,0.411037711,1.052681731,0.513971105,0.217552455,0.852374114,0.630595048,1.189497076,1.070914857,0.503090372,0.50385852,1.172286826,1.032226659,0.542692838,1.325228048,"DLBCL"
1.212243963,2.125390913,0.724329715,1.71821715,1.72748484,2.080070456,1.721218062,1.839337525,0.633997185,0.845270755,1.010772013,0.582195617,0.53192362,1.57697216,1.638372503,1.646839187,0.738096915,1.07052098,1.23913015,1.305831463,1.162849614,1.256703189,0.833231184,0.915627586,0.980671545,-0.130673493,1.870649857,0.787245174,0.637755941,0.125286751,0.463657728,1.461439672,0.786415538,1.845730304,-0.371168091,1.493126113,0.354126986,1.429124266,1.106834586,0.389298446,1.488149686,0.530436392,1.218531862,1.702205751,0.331560141,0.715837053,1.632488659,1.275927804,0.696172032,1.192155596,"DLBCL"
0.830681106,1.1990013,0.52022473,1.414251537,0.254716493,1.011373366,1.208757523,1.368583328,0.647489357,1.326529459,0.487140729,0.536608555,0.973708416,0.175433104,0.451740648,0.656163729,0.6127547,0.076092376,0.59135015,0.71671726,0.704050226,0.330850592,0.428188247,0.473378504,0.537920643,0.642775645,1.075786579,0.451933752,0.565896116,0.936930765,0.50496814,0.740011827,0.769494734,0.866337786,0.27234315,0.536441723,0.467948436,0.915135421,1.34300273,1.528245545,0.960336003,0.330119079,0.933990968,0.952547815,0.581058659,0.754378604,1.164552341,0.843358273,0.686579583,0.84501007,"DLBCL"
0.999569584,0.498823105,0.9284347,1.14119768,0.930741308,-0.063260931,0.022376274,0.91127925,0.539551977,0.877354669,0.732592894,0.035150881,0.378771558,0.860154475,-0.10370405,1.253109198,0.882722548,1.284276661,0.308516629,0.376135611,0.591230704,0.850461743,0.563202559,0.591311593,0.546602033,0.682187066,0.617487031,0.695796604,0.997055062,0.531108758,0.83545143,1.467211095,1.074069214,1.370187116,1.2835751,0.502576789,0.877705655,1.21918516,1.123122044,0.832222318,0.798393169,0.707640168,-0.49452046,1.219969652,1.126836669,0.90854481,0.959588499,1.385593319,0.964760622,0.926010692,"DLBCL"
0.836936235,1.392896801,1.579626795,1.455467213,0.737591361,1.474475438,0.471656747,1.355133208,1.382812757,0.861312712,0.920772886,0.54963343,1.120970015,1.020636046,0.628473052,0.960986947,0.69953008,0.968290002,0.919801981,0.845585992,1.388488658,1.152780959,0.264242297,0.56182832,0.199346423,0.677260638,0.581682379,0.827888983,1.079180576,0.936930765,1.651332052,0.843897436,0.481841058,1.602297482,1.043535193,0.934354699,1.367137889,0.618324961,0.797372879,1.727109324,1.452162389,1.115979306,1.154655334,1.184897935,0.721401576,0.812190932,1.346312729,1.062689303,0.638617335,0.89129614,"DLBCL"
0.774384947,0.154119993,0.763206855,-0.306502954,1.003172538,-0.401681676,0.162776421,1.113031049,0.951063238,0.765060971,1.288951133,1.012016481,0.985489344,0.624781504,0.312879474,0.579957925,0.930931092,0.940408826,0.518360854,0.928430177,1.14028571,0.784329415,1.045396532,0.581483835,0.928583204,1.431004066,0.280923301,0.929498505,0.853335414,1.023275873,1.072986295,0.364869347,0.896400767,0.175667918,1.492971615,0.663435226,1.02567354,0.77758911,1.057972211,0.904536419,0.246587955,0.923366505,1.003674452,0.413320177,1.080055696,1.168700283,0.290555582,1.007856545,1.194979414,1.059083144,"DLBCL"
2.200554315,0.638858744,0.821522565,0.141717527,1.01524441,0.649203796,0.800193093,1.933488365,0.762172823,1.182151848,0.75713811,1.363688097,2.552352753,1.266707789,0.527483107,0.757771468,0.786305459,0.336316683,1.357737755,1.738462206,0.809348446,1.181123385,1.238274121,1.308737882,1.17166213,1.751221861,0.681935405,1.27497088,1.233165914,1.057813916,0.990365472,0.041669672,1.05714841,1.545685198,2.100732232,1.027483268,1.04843783,1.479799222,1.514021042,1.107015904,0.78039952,0.900252969,2.368309352,1.496159418,1.033274724,1.004898689,1.268967883,2.013123765,1.223756763,1.851732097,"DLBCL"
1.631337593,0.531139021,0.860399705,0.656913483,0.665160131,1.266673226,1.307037626,0.427074933,1.207414515,1.81580914,1.591675469,1.103190603,1.221107902,1.020636046,0.936492385,1.329315002,0.689888371,1.219220584,0.582226488,1.535954199,1.463701672,1.549574929,1.826550767,2.153925017,1.579687472,1.568944039,0.359693536,2.463802287,1.109977643,1.498173966,2.281315824,0.007041136,2.038555068,0.871999015,1.452113759,1.747113119,1.913480849,0.857221185,1.937494957,1.998287205,0.624454569,0.915661993,1.334671002,0.575526865,1.625833706,2.122603681,0.886110896,1.367315733,1.904820687,0.856581587,"DLBCL"
0.499159279,0.04640027,0.24808475,-0.043753016,0.073638417,0.19203893,0.513776791,0.803678291,1.085984962,1.31850848,0.937136364,1.018528918,0.78521357,0.560588875,0.155082684,1.049893719,0.921289383,1.237808035,0.828565361,1.259806916,1.373446055,1.549574929,1.392576192,1.01390516,0.971990155,1.238873388,-0.270468342,0.868532792,1.356354184,1.135524513,1.527400818,0.653440485,1.090990019,0.028475979,1.222288315,1.273004041,1.458195049,0.857221185,1.25342171,1.501127757,-0.005323121,1.570545515,1.055937065,-0.125907462,1.080055696,1.351772652,0.205476251,0.684952529,0.792096529,1.278941978,"DLBCL"
0.586731082,0.444963243,1.070336261,1.079374166,0.713447617,0.952001305,0.555896835,1.583785247,0.155025062,1.11798402,0.806228543,0.54963343,0.796994498,0.378709761,1.291219567,0.541855022,1.110266876,1.191339408,0.792070713,0.928430177,1.275669136,0.68985466,1.75904361,1.023732918,1.17166213,0.017119336,1.233327049,1.27497088,0.586427495,1.066448427,1.083313897,1.074754347,1.387104097,0.81538673,-0.509063357,1.51005858,1.014291395,1.103356688,0.940702511,1.121478724,0.690431279,1.108274794,1.08497185,0.838564737,0.783776206,1.448126531,0.99439368,1.001764016,1.358051057,1.099583456,"DLBCL"
-0.238945921,0.897386078,0.471628305,0.335431207,-0.75932073,0.091106427,-0.005703756,0.87092889,0.647489357,1.462886091,0.519867684,0.093762817,0.143153,-1.033528066,-0.015337848,0.313237609,1.461225077,0.512897463,1.403356065,1.453110014,0.546102895,1.048858729,1.286493518,0.689589167,0.980671545,0.347189987,0.352532605,1.285131832,1.02785213,0.677895441,1.362159173,0.60149768,0.684890712,-0.147022102,0.016981547,1.035949502,1.25331644,0.321514501,0.999337361,1.112439461,0.426524438,0.846321385,0.248770039,0.284431619,0.861744493,1.486668082,-0.011089317,0.051329554,1.511530252,0.156504775,"DLBCL"
-0.126353602,1.123597495,-0.490580911,1.223629033,-0.409236451,0.80950836,-0.321604089,0.669177092,1.349082326,0.452242814,0.871682454,0.250061313,-0.045341846,-0.530685809,-0.488728216,-0.029688511,0.574187865,0.327022958,0.974543953,1.204577459,1.095157901,1.114991057,0.794655666,1.308737882,0.746274009,0.017119336,0.860958666,0.644991843,1.65405917,0.755606038,0.401692112,-0.131473011,0.972544387,0.679517248,-0.17198604,1.052881969,0.342744841,-0.033210195,0.292461672,0.879226484,0.738414341,1.447273323,0.184893512,1.149826219,0.791573034,0.397869253,1.033066103,0.642304829,0.408398543,0.515221819,"DLBCL"
-0.301497209,0.175663937,0.07313762,-0.249831399,-0.035008428,-0.603546682,-0.139083896,-0.245431063,0.020103337,-0.197456436,-0.20830707,0.445434433,-0.510688498,0.100541704,-0.86744051,-0.296408827,0.622396409,-0.016844877,0.536608178,0.007939234,-0.236112456,0.170243508,0.119584105,-0.116286939,0.399018399,0.371822125,-0.256146482,-0.360942425,0.032080279,-0.081941507,0.17448485,-0.229587198,-0.085005891,-0.260246671,0.777959125,0.206258615,0.080955506,-0.127320828,-0.236880721,0.00061015,0.01866841,0.322414567,-0.215786523,0.106442659,0.222404539,0.388233866,0.00051241,-0.210649177,-0.100001287,-0.144354682,"DLBCL"
-1.277297303,-0.104407341,-0.049325371,-0.857762626,-0.252302119,-1.262576554,-0.932344732,-0.756535621,-0.101326215,-0.598505355,-0.044672294,-0.948227157,-1.311791594,-0.755360009,-0.671772491,0.821276305,-0.399624727,-0.44435624,0.554855502,0.284086517,-0.108250331,0.302508165,-0.381897626,0.099923723,0.260116155,-0.702139098,0.080417249,-0.025631002,-0.183499194,-0.202824658,-0.341895291,-1.129929149,0.794875941,-0.865998113,-1.040215492,0.511043022,-0.647501773,-0.431370568,-0.416042762,-0.433274459,-0.970982245,-0.232310299,-1.110057904,-1.392873213,0.043077479,-0.238066346,-1.082315434,-1.06969571,-0.138371086,-0.798145423,"B-CLL"
-1.283552432,-0.492198342,-0.066820084,-1.007169453,-0.421308322,-0.941967427,-1.121884931,-0.702735141,0.040341596,-0.486211658,0.061690311,-0.798441098,-1.046720717,-0.049241095,-0.835881152,0.757771468,-0.688875992,-0.044726053,0.03480677,0.146012876,-0.108250331,0.189138459,-0.420473144,-0.03766488,0.208027814,-0.304083745,-0.012674847,-0.066274811,-0.440141424,-0.176921126,-0.445171319,-1.170329108,0.617207494,-0.939594082,-0.743996032,0.502576789,-0.317419568,-0.583395437,-0.489336324,-0.171135841,-0.970982245,-0.078220058,-1.057795291,-1.388489249,0.089858451,-0.440409491,-1.016572315,-0.996585367,-0.416552126,-0.884931805,"B-CLL"
0.774384947,-0.255214952,-0.879352311,-1.040141994,-0.022936556,-1.304136997,-0.26544403,-0.124379984,-1.180700013,-0.397980895,-1.2473879,-0.088585429,0.334004032,-0.937239123,-0.728579335,-0.57583011,-1.296303648,0.633715892,-1.497968439,-0.691633882,-0.552007117,-0.878426271,-1.240202896,-1.384067642,-0.538571747,-2.1110974,-0.972239525,-0.137401476,-0.573595383,-1.238965952,-0.693033787,-1.04912923,-0.981808528,-0.820708285,-0.371168091,-1.647846531,-0.897908962,0.676239197,-0.912810239,-0.675526699,-1.192903907,-1.603713439,0.167472641,-1.524392149,-0.937763572,-0.642752636,-1.360756879,0.185365183,-0.57003132,0.081289911,"B-CLL"
-0.701825452,-0.77226962,-0.957106591,-0.790787152,-0.602386398,-0.894469779,-0.699280486,-0.541333702,-1.497766066,-0.70438227,-0.993753997,-1.267336586,-0.487126642,-0.453654655,-0.751302073,-1.071167839,-1.321372091,-0.630230745,-0.612973229,-1.299157904,-1.341743769,-1.237430339,-0.622994612,-2.25873805,-1.462271669,-0.307039602,-0.857664638,-0.381264329,-0.470938491,-1.161255355,-0.905782405,-0.564329718,-0.91412531,-0.905626712,-0.800175585,-1.292264722,-0.545062468,-0.315542095,-1.1815533,-1.463750406,-1.048954721,-1.75780368,-0.76744744,-0.539753714,-1.251196086,-0.710200351,-0.885086076,-0.740699166,-0.82902746,-0.90807484,"B-CLL"
-1.114663954,-0.804585537,-0.869633026,-0.657866595,-0.252302119,-0.841034924,-0.784924577,-0.137830104,-1.106493065,-0.654652204,-0.90375487,-0.94171472,-0.729813757,-0.220421438,-0.684396234,-0.639334947,-1.151678015,-0.435062514,-0.987043369,-1.050625349,-1.326701166,-1.142955584,-0.83515996,-1.069579406,-1.875505844,-0.387833015,-1.409056282,-0.299976711,-0.35801591,-1.290773017,-0.982206666,-0.67398675,-0.491105198,-0.877320569,-0.958499779,-0.572634871,-0.658883918,-0.322781375,-0.872091593,-1.635496397,-0.982978011,-1.534372831,-0.813903096,-0.950092795,-1.383742174,-0.633117248,-0.811608473,-0.667588822,-0.982506654,-0.873360288,"B-CLL"
-0.958285734,-0.384478619,-1.765751103,-0.91958614,-0.747248858,-0.823223306,-1.156984968,-0.433732742,-1.106493065,-1.544980805,-2.049198304,-1.488759456,-1.135077676,-0.787456323,-0.741203078,-0.436119469,-1.903731304,-0.360712712,-1.662194355,-0.737658429,-1.221402946,-1.426379849,-1.413792726,-1.071544957,-0.851101796,-0.506067278,-1.509309308,-0.716575752,-1.538570167,-1.532539319,-0.548447348,-0.880603685,-0.99026893,-1.052818651,-0.672494783,-1.114473818,-0.863762527,-0.525481201,-1.808620443,-1.301043677,-1.204899673,-1.241601374,-1.348143142,-1.274506171,-0.98610391,-0.999261987,-0.664653265,-1.282934212,-1.34701974,-1.214720055,"B-CLL"
-0.801907513,-0.739953703,-1.37892356,-0.617681311,-1.54399239,-0.94434231,-0.739996529,-0.743085501,-1.248160876,-0.74127877,-0.920118347,-1.176162464,-0.840554479,-0.69116738,-0.520287574,-0.461521403,-1.383079027,-1.225029163,-0.899456215,-0.866527161,-0.824278229,-1.747594015,-0.854447719,-1.443034187,-1.163631844,-0.401627012,-1.373251629,-0.970599557,-1.548835856,-0.857320575,-1.736121671,-0.847129433,-1.201778986,-1.064141108,-0.233272825,-0.78429071,-0.454005308,0.024704041,-1.09197228,-1.102179898,-1.252882735,-0.825557725,-0.901007452,-0.866797469,-1.13268429,-1.053220159,-0.610511873,-1.063603182,-1.490906485,-1.046933051,"B-CLL"
-0.904491626,-1.116972732,-1.754087961,-0.493003889,-1.819231065,-0.800661923,-0.818620612,-1.281090298,-1.767609516,-1.198474539,-1.417568067,-1.01335153,-0.784006025,-1.97501995,-0.695757603,-0.258305925,-1.27702023,-2.377451096,-1.397608158,-1.99873102,-1.19131774,-1.237430339,-1.259490655,-1.759487975,-2.005726698,-0.457788287,-0.807538125,-1.458325262,-2.246902721,-1.1975203,-1.829070097,-0.870215124,-1.489432662,-1.007528823,0.078268331,-1.690177698,-2.206855636,0.04642188,-1.287421779,-1.87955649,-1.324857328,-1.349464543,-1.220390088,-0.577455809,-1.625443864,-1.60051019,-0.509963574,-0.935660081,-1.337427291,-0.746073594,"B-CLL"
1.28105038,-1.170832593,-1.618017971,-1.465693853,-0.916255062,-1.304136997,-0.791944584,-0.716185261,-1.571973015,-1.713421351,-1.877381789,-0.64865504,0.514252229,-2.028513807,-0.678084363,-1.309946027,-1.045619218,-0.648818196,-1.397608158,-0.986190983,-2.078831312,-0.802846467,-1.645245833,-2.091666174,-1.259127137,-2.00764242,-1.595240473,-0.9401167,-1.641227059,-1.434105896,-1.446948792,-0.967175027,-1.362526628,-0.815047057,0.078268331,-1.2008294,-1.546691226,0.560410725,-1.613170944,-2.096498794,-1.150918728,-1.857962336,0.237156125,-0.783502142,-1.828161411,-0.75837729,-1.182863733,0.093977254,-1.264524674,-0.022853747,"B-CLL"
-0.71433571,-0.923077231,-0.830755886,-0.447666645,-1.3266987,-0.74841451,-0.914092713,-1.724944255,-1.207684358,-0.900094143,-1.077207733,-0.837515722,-0.932445716,-0.027843553,-0.810633666,-0.436119469,-0.659950865,-1.299378965,-0.394005342,-1.234723538,-0.266197662,-1.454722275,-1.616314195,-1.124614847,-0.547253137,-0.177967198,-0.907791151,-1.244945266,-0.758377789,-0.907400738,-0.238619263,-0.675141035,-1.404828639,-1.075463564,-0.136235415,-0.250917997,-1.011730412,-0.453088406,-1.051253634,-0.769535031,-1.444814983,-0.839425846,-1.150706604,-0.647599242,-0.965832156,-0.999261987,-0.421017001,-1.124528468,-1.143659808,-1.480864959,"B-CLL"
0.111341293,-0.77226962,-1.433351556,-1.146272361,-1.073189394,-0.65104433,0.366356636,-0.258881183,-0.775934839,-0.301729155,-0.601030533,-0.153709802,-0.363426899,-1.258202265,-1.138850987,-1.299785253,-0.814218206,-0.918336229,-1.123898299,-2.468181401,-1.289094659,-2.304995069,-0.989462031,-2.25873805,-2.396389258,-1.514999657,-0.463813464,-0.75721956,-1.210068113,-1.4375597,-0.052722412,-0.223815775,-1.167937377,-0.928271625,-0.100484791,-1.089075117,0.137866231,-1.488305376,-0.318318012,-1.07506211,-1.234889086,-0.864080285,-1.13909269,-1.164907057,-1.485100948,-1.577385259,-1.004970588,-0.399517563,-2.124008161,-0.503071726,"B-CLL"
0.511669537,-1.672806499,-1.647175826,-1.012321412,-1.157692496,-0.514488591,-0.462004237,-0.084029624,-0.519583562,-0.317771111,0.053508572,-0.316520736,-0.345755507,-1.782442065,-1.056796657,-1.350589123,-0.804576498,-1.708302877,-0.685962525,-1.915886835,-2.0186609,-1.294115192,-0.690501768,-1.777177938,-1.432754942,-1.111032591,-1.05100976,-0.9401167,-1.220333802,-1.722498556,-0.796309815,-0.968329311,-1.049491746,-1.007528823,-0.866569602,-1.224534854,-0.988966122,-1.893705028,-1.214128217,-0.614059713,-1.7866943,-0.525081756,-0.343539577,-1.099147589,-1.204415114,-0.363326388,-0.784537777,-0.222834234,-0.83861991,-0.352641998,"B-CLL"
-0.539192103,-0.556830175,-1.141773006,-0.91958614,-0.711033243,-0.609483888,-0.841084636,-0.608584301,-0.526329648,-0.253603284,0.773501588,-0.479331669,-1.188091852,-1.472177694,-1.113603501,-0.9695601,-0.775651371,-0.853280152,-0.603849567,-1.547690458,-1.800543158,-1.010690928,-0.439760903,-1.138373708,-1.615064137,-1.391838966,-1.015205108,-0.350781472,-0.881566059,-0.151017594,-1.312689956,-0.88175797,-0.727996461,-1.047157422,-0.902320226,-1.07214265,-0.954819687,-1.973337102,-0.749935656,-0.903316119,-1.402829804,-0.08592457,-1.446861412,-0.976396582,-0.424732244,-0.093535528,-0.749732596,-1.447432484,-1.068838701,-1.394078578,"B-CLL"
-0.507916459,-1.20314851,-1.890157951,-0.770179313,-1.230123726,-0.021700488,-0.700684488,-0.433732742,-0.438630527,-0.470169701,-0.216488809,0.914329921,-0.928911438,-1.279599808,-1.296647777,-0.359913664,0.140310968,0.689478244,-0.348387032,-0.387871871,-1.574904114,-1.190192962,0.138871864,-0.784574442,-0.868464576,-0.894269775,-0.506779047,-1.163657648,-0.861034681,-0.764067859,-1.261051942,-0.281530002,-0.956427321,-1.007528823,-1.040215492,-0.733493308,-1.227991167,-1.495544655,0.455336255,-0.993708746,-1.570770521,-0.50196822,-0.912621366,-1.134219305,-0.68982442,-1.07634509,-0.919891257,-1.222008926,-1.34701974,-1.139505191,"B-CLL"
-0.858203673,-0.976937093,0.87011899,-1.161728239,-0.505811424,-0.858846542,-0.841084636,-0.76998574,0.96455541,0.468284771,0.118962482,-0.590043104,-0.769868911,0.539191332,-0.728579335,-0.334511729,0.834514004,0.271260606,0.746452404,0.458979796,0.719092829,0.349745543,0.630709716,0.571656078,0.494513692,-1.209561144,-0.635675795,-0.117079572,0.309253887,0.263438924,0.236450466,-0.304615693,0.354935025,-0.973561453,-1.075966117,0.121596279,0.240305536,-0.82953094,0.479767442,0.091002777,-0.67708599,0.391755175,-0.465485675,-0.906253149,0.401731599,-0.122441691,-0.838679169,-0.350777335,-0.013669241,-0.497285967,"FL"
-0.407834398,-0.492198342,0.160611185,-0.310624521,-0.071224043,-0.590484828,-0.593980375,-0.608584301,0.714950219,-0.061099803,0.151689438,-0.909152533,-0.511866591,0.325215904,-0.418035254,-0.103354122,0.37171198,-0.156250756,0.262898319,0.08157851,0.36559166,0.047426327,0.235310658,0.168718025,0.78968096,-0.21934919,-1.072492551,0.015012807,0.340050954,-0.280535255,-0.021739604,-0.570101141,0.312633013,-0.81165032,-0.994250403,-0.267850464,0.160630521,-0.880205897,0.202880652,0.326023607,0.144623948,0.384050663,-0.639694386,-0.779118178,0.4563094,-0.421138715,-0.637582569,-0.716329051,-0.080816388,-0.722930559,"FL"
-0.555455438,-0.879989342,0.393874025,-0.796969503,0.423722697,-1.15095708,-0.595384377,-0.86413658,0.708204133,0.115361722,0.380778125,-1.169650026,-0.636744426,0.432203618,-0.766450565,-0.105894316,0.670604953,-0.239894284,0.509237192,0.219652151,-0.431666294,0.453667773,0.148515743,0.198201297,0.110796243,-0.21048162,-0.786055334,0.604348035,0.955992306,0.116652241,0.515295742,-0.744398108,0.346474622,-0.764096001,-1.070858885,-0.166255661,0.479330581,-1.017752208,0.105155902,0.678554852,-1.006969542,0.515027368,-0.55259003,-1.09037966,0.237998196,-0.006817037,-1.229270641,-0.436072735,0.542692838,-0.613001143,"FL"
-1.264787045,-1.440131899,0.03426048,-1.342046824,-0.312661477,-1.399132294,-1.472885301,-1.146589098,-0.148548819,0.131403678,0.086235527,-1.358510709,-1.033761696,0.186131876,-1.30927152,-0.639334947,0.352428562,-0.146957031,-0.010811539,-0.590379878,-0.409102389,-0.321025217,0.196735141,-0.018009365,-0.807694844,-0.653860107,-0.950756734,0.096300424,-0.101373681,-0.349611342,-0.238619263,-1.303071832,-0.338817958,-0.990545138,-1.433472362,-0.267850464,-0.306037423,-1.075666444,-0.114724784,-0.288646256,-0.365196086,-0.201492251,-0.784868311,-0.972012617,-0.034890808,-0.469315654,-1.175129249,-1.02704801,-0.55084642,-1.127933674,"FL"
-1.170960113,-0.987709065,-0.21844093,-1.37811054,-0.179870888,-0.888532573,-0.995524798,-1.052438259,-0.357677492,-0.285687198,-0.363760108,-0.772391349,-1.135077676,0.121939247,-0.728579335,-1.083868807,-0.168223715,-0.044726053,-0.311892384,-0.737658429,-0.476794102,-0.462737349,-0.285458832,-0.234220028,-0.746925113,-1.426323959,-0.642836725,-0.594644325,-0.676252275,-0.375514874,-0.806637418,-1.129929149,-0.846442092,-1.081124793,-1.372185577,-0.420242667,-0.556444613,-1.184255636,-0.473048866,-0.713491602,-0.43717068,-0.162969691,-0.796482225,-0.919405043,-0.393544929,-0.584940309,-0.842546411,-1.039233067,-0.685140715,-0.971718187,"FL"
-1.102153696,-0.976937093,-0.014335945,-1.249311552,-0.590314526,-0.763851245,-1.185064998,-0.622034421,-0.094580129,-0.397980895,-0.429214018,-0.64865504,-1.270558347,-0.744661237,-0.962118583,-0.62663398,0.111385841,-0.007551152,-0.120295483,-0.452306237,-0.318846772,-0.094285805,-0.285458832,0.001646149,-0.312855601,-1.613528209,-0.843342777,-0.371103377,-0.204030573,-0.133748572,-0.610412964,-1.04912923,-0.398040774,-0.91128794,-1.336434952,-0.555702404,-0.704412498,-1.024991487,-0.212449534,-0.424235196,-0.976980128,-0.147560667,-0.784868311,-0.976396582,-0.214217869,-0.48858643,-1.171262006,-0.923475024,-0.31103518,-0.682430248,"FL"
-1.433675523,-1.052340898,0.063418335,-0.723811677,-0.493739553,-0.900406985,-1.269305087,-1.092788619,0.013357251,-0.197456436,-0.494667929,-1.762281824,-1.241106027,-0.306011609,-1.296647777,-0.906055263,0.37171198,-0.239894284,-0.038182525,-0.028880403,-0.356453279,-0.037600952,-0.237239434,0.129406995,-0.65142982,-0.558287411,-1.101136273,-0.381264329,0.114205792,-0.159652104,-1.261051942,-1.476214514,-0.262674338,-1.013190052,-1.346649416,-0.166255661,-1.102787572,-1.039470046,-0.196162075,-0.749648653,-1.168912376,0.307005543,-0.668729171,-0.61691149,-0.284389327,-0.662023412,-0.985634376,-1.039233067,-0.445329474,-0.890717564,"FL"
-1.277297303,-0.933849204,-0.630538615,-0.950497898,0.025350931,-0.900406985,-1.037644843,-0.971737539,-0.411646182,-0.518295571,-0.494667929,-1.566908704,-1.011377933,-0.113433724,-0.722267464,-0.817148491,-0.476758397,-1.336553866,-0.29364506,-0.627199516,0.019611794,-0.717819187,-0.622994612,-0.794402199,-0.130546406,-0.283392749,-0.635675795,-0.594644325,-0.778909167,-0.850412967,-0.672378581,-0.737472401,0.092662555,-0.894304255,-1.351756648,-0.3779115,-0.863762527,-1.662048084,-0.668498365,-0.342881832,-1.228891204,-0.632944924,-0.82551701,-1.463016646,-0.518294188,-0.507857206,-0.718794658,-0.98440031,-0.781065212,-0.613001143,"FL"
-1.421165265,-0.276758897,-0.667471898,-0.481669578,0.073638417,-0.413556088,-0.800368593,-1.402141377,-0.350931406,-0.52631655,-0.519213145,-1.176162464,-0.799321231,-0.278194804,-0.216055364,-0.994962035,-0.197148841,-1.13209191,-0.138542807,-0.535150422,-0.897986984,-0.462737349,-0.015430207,-0.794402199,-0.715672108,-0.19964348,0.194992136,-0.696253847,-0.73784641,-0.574108622,-1.1061379,-0.208810076,-0.338817958,-0.752773544,-1.040215492,-0.293249164,-0.818233948,-1.032230767,-0.725504469,-0.668295289,-0.371193969,-0.802444189,-0.633887429,-1.103531554,-0.80677685,-0.469315654,-0.598910146,-0.935660081,-0.876989708,-0.763430871,"FL"
-0.965791888,-0.546058203,-0.471142341,-0.672292082,-0.240230247,-0.704479185,-0.595384377,-0.662384781,-0.593790511,0.596620425,-0.494667929,-0.739829162,-0.875897262,-0.626974752,-0.66546062,-0.385315599,-0.380341309,-0.593055844,-0.485241962,-0.130134407,-0.251155059,0.123006131,0.293173935,-0.214564513,-0.139227796,-1.115959019,-0.599871142,-0.035791954,0.298988198,0.505205226,-0.248946866,-1.176100531,-0.550328014,-0.860336884,-1.18321799,0.070798878,-0.306037423,-1.394194742,-0.293886825,-0.595981187,-0.719071169,-0.132151643,-1.220390088,-1.09037966,-1.157634142,-0.286243285,-1.001103345,-1.094065825,-0.972914205,-1.330435231,"B-CLL"
-0.900738549,-0.696865814,0.178105898,-0.214798074,-0.059152171,-0.480052796,-0.620656404,-1.240739938,1.396304929,0.131403678,0.415141428,-0.647352552,-0.75219752,-1.003571506,-0.566995423,-0.715540752,-0.081448335,-0.704580547,0.012909982,-0.838912433,-0.314333991,-0.062164389,-0.123441657,-0.415050764,-0.434395064,-0.366156734,-0.542583699,-1.234784314,-0.11163937,0.329061206,0.129043397,-0.410809872,0.10958336,-0.667855118,-1.091287813,-0.454107601,0.137866231,-0.98155581,0.170305735,0.304329377,-0.683083873,0.364018932,-0.837130924,-0.45119763,0.050874307,-0.365253465,-0.583441177,-0.935660081,-0.220866153,-1.272577643,"B-CLL"
-0.808162642,-0.653777925,-1.783245816,-0.976257695,-0.892111319,-1.036962724,-0.314584081,-0.78343586,-1.039032202,-1.464771021,-1.443749632,0.074225505,-0.310412724,-0.594878438,-0.614965647,-0.715540752,-1.575913204,-1.587484448,-1.507092101,-1.032215531,-0.717475749,-1.001243452,-1.481299882,-1.226823524,-0.694836771,-1.682498196,-0.642836725,-1.183979553,-1.107411221,-1.394387146,-0.589757759,-1.38387175,-1.844769555,-0.701822488,-0.973821475,-1.368460824,-1.262137602,-0.822291661,-1.458440091,-1.554143033,-0.701077521,-1.534372831,-1.52815881,-0.610773939,-0.783386364,-1.269052847,-1.329818941,-0.624941122,-1.08034964,-1.093219121,"B-CLL"
-1.214746015,-0.987709065,-0.908510166,-0.713507758,-0.204014632,-1.250702142,-0.553264333,-0.86413658,-1.54498867,-1.841757006,-1.340659722,-0.114635178,-0.328084116,-0.584179666,-1.669048199,-1.147373644,-1.431287572,-1.159973086,-1.377536102,-1.464846273,-1.454563291,-1.105165682,-1.683821351,-0.607674809,-1.267808527,-0.609522258,-0.628514864,-1.204301457,-0.727580721,-1.327037962,-1.395310778,-0.893300815,-1.343913743,-0.769757229,-1.218968615,-1.258399788,-1.558073371,-1.162537798,-1.824907902,-1.364318516,-1.054952604,-1.095215646,-1.061279465,-0.608143561,-1.30109579,-1.731551465,-1.090049918,-1.124528468,-1.193540546,-1.174219744,"B-CLL"
-1.158449855,-1.052340898,-1.132053721,-1.027777291,-1.387058058,-1.001339488,-1.220165035,-0.595134181,-2.287058156,-2.475414298,-1.926472222,-0.922177408,-1.270558347,-1.087021923,-1.056796657,-1.617309438,-2.18334086,-1.559603272,-2.233335594,-1.483256092,-1.492169798,-2.068808182,-1.895986699,-1.158029222,-1.311215478,-0.726771236,-0.327755786,-1.803797637,-1.969729113,-1.864104533,-1.36432797,-1.672442888,-2.107042025,-0.633887747,-1.096395045,-2.426740016,-1.683276966,-1.075666444,-1.922632651,-1.630072839,-0.725069052,-1.888780384,-0.198365652,-0.559043158,-1.80633029,-2.001342325,-1.117120614,-0.235019291,-1.423759338,-0.144354682,"B-CLL"
-0.783142127,-1.483219788,-1.448902412,-0.893826343,-1.507776775,-0.78760007,-0.859336655,-0.178180464,-1.625941705,-1.7695682,-1.468294848,-0.850540597,-0.670909117,-0.947937894,-0.693232855,-1.337888155,-0.833501624,-1.503840921,-1.990646185,-0.903346799,-0.251155059,-1.473617226,-1.597026436,-0.873024258,-1.094180722,-0.647948394,-1.179906508,-1.54164507,-1.035551397,-1.912457793,-0.476154128,-0.695918157,-1.396368237,-1.250961646,-0.457991036,-1.207602387,-1.364576907,-0.952598692,-1.621314673,-1.116642718,-0.928997066,-1.426509663,-0.666406388,-1.252586348,-1.400895198,-0.902908108,-0.355273882,-1.270749154,-1.070757191,-1.018004257,"B-CLL"
-1.208490886,-1.289324288,-0.072651655,-0.672292082,-1.3266987,-0.84697213,-1.149964961,-0.514433462,-1.07950872,-1.480812978,-1.044480777,-0.687729664,-1.258777419,-1.087021923,-1.145162859,-0.588531078,-0.573175486,-1.252910338,-1.233382243,-0.038085313,-0.461751499,0.170243508,-1.307710053,-0.666641353,-0.477802015,-0.551390412,-1.351768838,-1.478647167,-1.086879843,-0.784790685,-1.457276395,-0.98564358,-1.261001801,-0.464050894,-0.687816479,-1.292264722,-1.341812617,-0.938120133,-1.336284154,-1.149184064,-0.533136804,-0.973484356,-1.156513561,-1.23505049,-0.979866447,-1.567749871,-0.904422288,-1.154991111,-0.798331621,-1.208934297,"B-CLL"
-0.983306249,-0.836901453,-0.412826631,-0.610468567,-1.25426747,-1.036962724,-0.901456699,-1.767984639,-0.66260059,-1.392582216,-1.280114855,-1.169650026,-1.093844428,-1.247503494,-0.863653387,-1.096569774,-0.968485548,-1.847708756,-1.397608158,-0.535150422,-0.663322378,-0.302130266,-1.076256946,-0.823885471,-1.0247296,-0.469611714,-1.237193951,-1.44816431,-1.476976032,-0.646638512,-1.29203475,-0.875986547,-0.981808528,-0.537646864,-0.927856387,-1.07214265,-1.558073371,-1.097384282,-1.385146529,-0.930433907,-0.539134686,-0.894898333,-1.011339635,-0.985164511,-0.661755836,-1.423219053,-1.05911198,-0.923475024,-0.454921924,-1.035361533,"B-CLL"
-1.208490886,-0.783041592,0.413312595,-1.03292925,-1.423273673,-0.751976833,-1.065724872,-1.133138978,-1.423559118,-0.959449383,-1.811927878,-0.811465973,-1.217544171,-1.450780151,-1.126227244,-0.91875623,-0.389983018,-1.280791514,-1.716936327,-1.078240078,-0.750569475,-0.698924236,-1.230559017,-0.637158081,-0.833739015,-1.672645341,-1.065331621,-1.285589075,-0.861034681,-0.608646665,-1.632845643,-0.720158132,-1.032570941,-1.024512509,-0.662280319,-1.35999459,-1.603601951,-1.162537798,-0.269455638,-1.590300083,-1.048954721,-1.626826975,-1.307494443,-0.958860724,-1.625443864,-1.558114483,-1.252474095,-1.222008926,-1.09761605,-1.272577643,"B-CLL"
-0.958285734,-0.653777925,-0.558615906,-1.04323317,-0.493739553,-0.686667567,-0.939364739,-0.89103682,-0.931094822,-1.280288518,-1.091934862,-0.713779413,-1.11151582,-0.862347723,-0.886376125,-2.83660231,-0.843143333,-1.606071899,-0.987043369,-0.636404425,-1.08601952,-0.528869678,-1.134120223,-0.656813596,-0.816376235,-1.470661808,-1.036687899,-1.387198597,-1.37431914,-1.057641226,-1.013189474,-0.956786466,-1.151016572,-0.945255311,-0.978928707,-1.410791991,-0.977583977,-1.068427164,-1.002391259,-1.463750406,-0.928997066,-1.048988574,-1.121671818,-1.050923979,-1.329164373,-1.047438926,-1.132589583,-1.301211798,-0.646770917,-1.301506437,"B-CLL"
-1.308572947,-1.246236399,-1.054299441,-1.372958581,-1.387058058,-0.823223306,-0.805984599,-1.375241137,-1.733879085,-1.72144233,-1.787382662,-1.612495765,-1.370696234,-1.461478922,-1.088356015,-1.452196862,-1.412004154,-1.513134646,-1.060032665,-1.501665911,-1.44704199,-1.908201099,-1.52951928,-0.833713229,-1.589019966,-1.697277479,-1.459182795,-1.35671574,-1.015020018,-1.739767577,-1.302362353,-1.620500084,-1.421749444,-0.854675656,-0.902320226,-1.309197189,-1.034494702,-1.155298518,-1.784189256,-0.867159068,-0.689081755,-1.580599903,-1.3133014,-0.636200934,-1.695615323,-1.509937544,-1.186730976,-1.222008926,-1.797864873,-1.330435231,"B-CLL"
-1.271042174,-0.599918064,-1.549982976,-0.607377391,-2.014795387,-0.829160512,-1.24403306,-2.020846894,-2.536663347,-2.072761183,-2.014835001,-1.553883829,-1.172776645,-2.565592132,-0.861128638,-2.414930192,-2.592149315,-1.624659349,-2.455952946,-2.330107759,-1.543314648,-2.125493035,-2.559485604,-1.384067642,-1.583811132,-1.165223295,-0.993722316,-2.73860524,-2.164777207,-2.050609965,-1.581207629,-0.852900856,-2.228871817,-1.12641462,-1.218968615,-1.993268859,-1.387341197,-1.205973475,-1.886800243,-1.264886627,-0.629102928,-2.227778913,-1.244779307,-0.618665076,-1.878061114,-1.94160292,-1.155793037,-1.374322141,-1.836234672,-1.532936788,"B-CLL"
-1.34610372,-0.718409759,-1.375035846,-0.734115596,-1.3266987,-0.912281397,-1.248245064,-1.590443056,-1.909277327,-1.889882876,-1.959199177,-1.312923648,-1.252886955,-1.375888751,-1.201969703,-1.680814275,-1.788030798,-1.522428371,-1.260753228,-1.299157904,-1.597468019,-1.690909163,-1.597026436,-0.931990802,-1.866824454,-1.426323959,-1.079653482,-1.570095736,-2.021057559,-1.757036599,-1.426293587,-1.395414596,-1.920913175,-0.860336884,-1.218968615,-2.088090675,-1.421487632,-0.872966617,-1.745099356,-0.858119805,-0.563126217,-1.927302944,-1.400405756,-0.488899725,-1.609850207,-1.365406726,-1.035908526,-1.28902674,-1.826642222,-1.139505191,"B-CLL"
-1.177215242,-0.395250591,-1.715210821,-0.274560804,-1.121476881,-0.627295506,-1.003948807,-0.689285021,-0.735458322,-0.609734725,-0.601030533,-0.609580416,-1.046720717,-0.648372295,-0.603604278,-1.37091067,-1.248095104,-0.806811525,-0.695086187,-0.259003139,-0.807731366,-0.85953132,-0.362609867,-0.951646317,-0.760815337,-0.483405711,-1.523631168,-1.204301457,-1.620695681,-0.722622207,-1.312689956,-0.534318319,-1.06641255,-0.764096001,-0.978928707,-0.471040069,-0.715794643,-0.822291661,-0.929097697,-0.577902662,-0.461162211,-1.095215646,-1.301687486,-0.408234778,-0.884745137,-0.94144966,-0.686309822,-1.471802599,-0.934544406,-0.902289081,"B-CLL"
-0.571718773,-0.858445398,-1.312832422,-0.400268617,-2.089640991,-0.617795976,-0.95902076,-0.82378622,-0.628870159,-0.887260577,-0.961027041,-1.2347744,-0.964254222,-0.832391163,-0.477366847,-0.766344621,-1.161319724,-0.500118591,-1.151269285,-0.986190983,-1.018327807,-1.199640437,-0.893023236,-0.981129589,-0.425713674,-0.41542101,-0.657158586,-0.980760509,-0.3682816,-0.693264871,-1.225938092,-0.501998352,-0.973348126,-0.577275463,-0.907427458,-0.801223177,-1.182462587,-1.119102121,-0.888379052,-0.906931824,-0.185259604,-1.249305886,-0.789513877,-0.288114149,-0.764673975,-1.060928469,-0.780670534,-1.276841683,-0.742695413,-1.232077332,"B-CLL"
